{
  "learning_rate": 0.05,
  "bias": -0.22765783347218171,
  "weights": {
    "ai_role": 0.5409826578646153,
    "remote_canada": 0.427999423101088,
    "public_sector": -0.14003348223566414,
    "fit_score": 0.20841357080787556,
    "priority": 0.1916855530537099
  },
  "event_count": 100
}