{
  "learning_rate": 0.05,
  "bias": 0.27890932770162424,
  "weights": {
    "ai_role": 0.20071531416279464,
    "remote_canada": 0.01807194055801544,
    "public_sector": 0.03350479122515001,
    "fit_score": 0.2581820002369273,
    "priority": 0.1838226934139093
  },
  "event_count": 18
}