{
  "learning_rate": 0.05,
  "bias": 0.3777534300972802,
  "weights": {
    "ai_role": 0.265788708395094,
    "remote_canada": 0.04740452659167592,
    "public_sector": 0.05791920101702628,
    "fit_score": 0.3522402392137149,
    "priority": 0.2437495909514385
  },
  "event_count": 26
}