{
  "learning_rate": 0.05,
  "bias": 0.2682807832929382,
  "weights": {
    "ai_role": 0.20071531416279464,
    "remote_canada": 0.015744193645663578,
    "public_sector": 0.03350479122515001,
    "fit_score": 0.25273332964662265,
    "priority": 0.17757332857787367
  },
  "event_count": 15
}