{
  "learning_rate": 0.05,
  "bias": 0.3249332072313486,
  "weights": {
    "ai_role": 0.2129684855291624,
    "remote_canada": 0.04740452659167592,
    "public_sector": 0.045757962591517765,
    "fit_score": 0.30273925046496863,
    "priority": 0.2123574987223384
  },
  "event_count": 22
}